<?xml version="1.0" encoding="UTF-8"?>
<!DOCTYPE configuration
 PUBLIC "-//mybatis.org//DTD Config 3.0//EN"
 "https://mybatis.org/dtd/mybatis-3-config.dtd">
<configuration>
<!-- 	<settings>
    <setting name="cacheEnabled" value="false" />
    <setting name="jdbcTypeForNull" value="NULL" />
    </settings> -->
	<environments default="development">
		<environment id="development">
			<transactionManager type="JDBC" />
			<dataSource type="POOLED">
				<property name="driver" value="oracle.jdbc.driver.OracleDriver" />
				<property name="url" value="jdbc:oracle:thin:@localhost:1521:xe" />
				<property name="username" value="C##ICTEDU" />
				<property name="password" value="1111" />
			</dataSource>
		</environment>
	</environments>
	<mappers>
		<mapper resource="com/ict/edu_D/D_Mapper.xml" />
	</mappers>
</configuration>