<?xml version="1.0" encoding="UTF-8"?>
<!DOCTYPE mapper
 PUBLIC "-//mybatis.org//DTD Mapper 3.0//EN"
 "https://mybatis.org/dtd/mybatis-3-mapper.dtd">
<mapper namespace="TProject">
 <!-- 
     id 는 중복안됨, 반드시 존재해야 된다.
	<select id="" resultType="" parameterType=""></select>
	<select id="" resultType="" ></select>
	 
	<update id="" parameterType=""></update>
	<insert id="" parameterType=""></insert>
	<delete id="" parameterType=""></delete>
	 -->
	 <!-- 회원가입 -->
	 <insert id="MEMBERS" parameterType="com.ict.edu_D.signup_in_VO" >
	 	insert into MEMBERS(COMID,IDX,PW,USERNAME,BIRTHDATE,ABODE,TELEPHONE,PHONE,JOINDATE,EMAIL)  
	 	 values(COMID_SEQ.NEXTVAL ,#{IDX},#{PW},#{USERNAME},#{BIRTHDATE},#{ABODE},#{TELEPHONE},#{PHONE},#{JOINDATE},#{EMAIL})
	 </insert> <!-- 실행뒤 호출한놈으로 출발 DAO -->
	 
	 
	 <insert id="MEMBERS_addinfo" parameterType="com.ict.edu_D.InfoVO" >
	 	insert into INFO(IDX,USERNAME)  
	 	values(#{idx},#{username})
	 </insert> 
	 
	 
	 <!-- 사원번호 출력  -->
	 <select id="COMID" parameterType="String" resultType="int">
	 	SELECT COMID
	 	FROM MEMBERS
	 	WHERE IDX = #{IDX}
	 </select>
	 
	 
<!-- 	사원번호 테이블 저장  
	 <update id="COMID_ins" parameterType="com.ict.edu_D.InfoVO">
        UPDATE INFO SET COMID = #{comid} where IDX = #{IDX}
     </update> -->
     
     
      <!-- 사원번호 테이블 저장  -->
	  <insert id="COMID_ins" parameterType="com.ict.edu_D.InfoVO" >
	 	insert into INFO(COMID)  
	 	values(#{comid}) WHERE IDX = #{IDX}
	 </insert> <!-- 실행뒤 호출한놈으로 출발 DAO -->
	 
	 <!--  ID 중복체크  -->
	 <select id="overlap" parameterType="String" resultType="int"> 
    	SELECT COUNT(*) 
     	FROM MEMBERS 
     	WHERE IDX = #{IDX} 
     </select> 

<!-- //////////////////////////////////////////////////////////////////////// -->

	<!-- <insert id="infoIns" parameterType="com.ict.edu_D.signup_in_VO">
	 	insert into INFO (IDX,DIVISION,POSITION)
	 	values (#{IDX},'미정2','미정3')
	 </insert> -->
	
	
    <!-- 관리자창 아이디에 맞는 페이 불러오기 -->
    <select id="Admin_Pay" resultType="com.ict.edu_D.Pay_VO">
   		SELECT  M.USERNAME, I.DIVISION , I.JPOSITION 
		FROM 	MEMBERS M, INFO I
		WHERE 	 M.COMID = I.COMID and M.COMID = #{COMID}
    </select>	
	
	
	<!-- members에서 이름 info에서 직급 부서 가져오기 DIVISION(부서) POSITION(직급)-->
	 <select id="fact"  resultType="com.ict.edu_D.Pay_VO">
		SELECT  M.USERNAME, I.DIVISION , I.JPOSITION 
		FROM 	MEMBERS M, INFO I
		WHERE 	 M.IDX = I.IDX and M.IDX = #{IDX} and M.PW = #{PW}
	</select> 
	
	<!-- 사원 이름 빼오기 -->
 	<!-- <select id="fact1" parameterType="Sting" resultType="String">
		SELECT  NAME1
		FROM 	MEMBERS
		WHERE   IDX = #{IDX}
	</select>    -->
	
	<!-- 월급 가져오기
	<select id="pay" resultType="com.ict.edu_D.Pay_VO">
		SELECT * 
		FROM PAY  
		WHERE M.COMID = #{COMID}
	</select>  -->

<!-- //////////////////////////////////////////////////////////////////////// -->
	
	 <!--  로그인 아이디 유무체크  -->
	<select id="login_ID" parameterType="String" resultType="int">
		SELECT COUNT(*) 
		FROM MEMBERS
		WHERE IDX = #{IDX}
	</select>
	
	<!--  로그인 비밀번호 유무체크  -->
	<select id="login_PW" parameterType="String" resultType="String">
		SELECT PW
		FROM MEMBERS
		WHERE IDX = #{IDX}
	</select>
	
<!-- //////////////////////////////////////////////////////////////////////// -->

<!-- 민석이형 -->
<!-- cms -->
    <!-- 기본정보 -->
    <!-- 기본정보 불러오기 -->
    <select id="Info_memList" resultType="com.ict.edu_D.MembersVO"> <!-- parameterType="String" 없네... -->
        SELECT  M.USERNAME, M.COMID, M.JOINDATE, I.JPOSITION, I.DIVISION, M.PHONE, M.EMAIL, I.IMGUPDATE
        FROM     MEMBERS M, INFO I
        WHERE    M.IDX = I.IDX and M.IDX = #{IDX}
    </select>

    <!-- 사진 업데이트하기 -->
    <update id="Info_ImgUpdate" parameterType="string">
        UPDATE INFO SET IMGUPDATE = #{imgupdate} where IDX = #{IDX}
    </update>

    <!-- 정보 업데이트 하기(Member Table)  -->
    <update id="Info_Update_MemberVO" parameterType="com.ict.edu_D.MembersVO">
     update  MEMBERS set USERNAME = #{USERNAME}, JOINDATE = #{JOINDATE}, PHONE = #{PHONE}, EMAIL = #{EMAIL} where IDX = #{IDX}
    </update>

    <!-- 정보 업데이트 하기(Info Table)  -->
    <update id="Info_Update_InfoVO" parameterType="com.ict.edu_D.InfoVO">
     update  info set jposition = #{jposition}, division = #{division} where IDX = #{idx}
    </update>
    <!-- 기본정보 끝 -->	
    
	<!-- 공지창 -->
    <!-- 공지 메인 가져오기  -->
    <select id="Noti_notimainList" resultType="com.ict.edu_D.NotimainVO" >
         SELECT NTITLE, NCONTENTS, NDATE, NCOUNT, NUSERNAME FROM NOTI
     </select>

    <!-- 공지사항 등록하기 -->
    <insert id="Noti_wri" parameterType="com.ict.edu_D.NotiVO" >
        INSERT INTO NOTI(NTITLE, NCONTENTS, NIMPORTANT) VALUES(#{ntitle}, #{ncontents}, #{nimportant})
    </insert>

    <!-- 공지카운트 DB 올리기  -->
    <update id="Noti_ncount" parameterType="com.ict.edu_D.NotiVO">
        UPDATE NOTI SET NCOUNT = #{ncount} where NTITLE = #{ntitle}
    </update>

    <!-- 공지창 끝 -->
    
    <!-- 관리자창 아이디에 맞는 기본정보 불러오기 -->
    <select id="Admin_InfomemList" resultType="com.ict.edu_D.MembersVO">
        SELECT M.USERNAME, M.COMID,
        M.JOINDATE, I.JPOSITION, I.DIVISION, M.PHONE,
        M.EMAIL, I.IMGUPDATE
        FROM
        MEMBERS M, INFO I
        WHERE M.COMID = I.COMID and M.COMID = #{COMID}
    </select>
    
    <!-- 관리자 =============================== -->
    <!-- 관리자 전체 목록 조회 및 검색하기 
    -->
	<select id="adList" parameterType="String" resultType="com.ict.edu_D.AdVO"> 
		SELECT 
		    MEMBERS.COMID,
		    INFO.DIVISION,
		    INFO.JPOSITION,
		    MEMBERS.USERNAME
		FROM 
		    MEMBERS, INFO 
		WHERE 
			INFO.COMID = MEMBERS.COMID
			<if test ="searchText != null"> 
		    AND 
		    (
		    	MEMBERS.COMID LIKE  '%' ||  #{searchText} || '%'
		    	or MEMBERS.USERNAME LIKE '%' ||  #{searchText} || '%'
		    	or INFO.DIVISION LIKE '%' ||  #{searchText} || '%'
		    	or INFO.JPOSITION LIKE '%' ||  #{searchText} || '%'
		    )
		    </if>
		ORDER BY MEMBERS.COMID
	</select>
	<!-- 관리자 끝 ============================  -->

    <!-- 연차 ================================ -->
    
    <!-- 연차 사용자 불러오기 InfoData  -->
    <select id="InfoData" resultType="com.ict.edu_D.MembersVO" parameterType="String">
		SELECT 
			M.USERNAME, M.COMID, TO_CHAR(M.JOINDATE, 'YYYY/MM/DD') AS JOINDATE,
			I.JPOSITION, I.DIVISION
		FROM 
			MEMBERS M, INFO I
		WHERE M.COMID = I.COMID and M.COMID =  #{comid}
	</select>
	
    
  <!-- 연차 조회 불러오기 (두번째 테이블)-->
    <select id="annData" resultType="com.ict.edu_D.AnnVO" parameterType="String">
		SELECT 
		    COMID, YEARANN, 
		    CASE WHEN (NEWANN > 25) THEN 25 ELSE NEWANN END AS NEWANN,
		    USEDANN,
		    ((CASE WHEN NEWANN > 25 THEN 25 ELSE NEWANN END) - USEDANN) AS REMAIN
		FROM (
		    SELECT 
		    ME.COMID,
		    TO_CHAR(SYSDATE, 'YYYY') AS YEARANN,
		    TO_NUMBER(TO_CHAR(SYSDATE, 'YYYY')) - TO_NUMBER(TO_CHAR(ME.JOINDATE, 'YYYY'))+15 AS NEWANN,
		    (SELECT COUNT(*) FROM USEDANNUAL UA WHERE UA.COMID = ME.COMID 
		        AND TO_NUMBER(TO_CHAR(UA.USEDDATE, 'YYYY')) = TO_NUMBER(TO_CHAR(SYSDATE, 'YYYY'))
		    )AS USEDANN
		 FROM MEMBERS ME
		 WHERE ME.COMID = #{comid}
		)
    </select>

	  
 <!-- 연차: 연차 사용내역 리스트 조회  불러오기 -->
    <select id="annHistoryList" resultType="com.ict.edu_D.AnnVO" parameterType="String">
    	SELECT 
		    COMID,
		    TO_CHAR(USEDDATE, 'YY/MM/DD') AS USEDDATE,
		    1 AS USEDCNT
		FROM 
		    USEDANNUAL
		WHERE COMID = #{comid}
    </select>
 
    
    <!-- 연차 (관리자): 사용내역 삭제하기 -->
    <delete id="deleteAnnUsedDate" parameterType="com.ict.edu_D.AnnVO">
		DELETE FROM USEDANNUAL
		WHERE COMID = #{comid}
		AND TO_CHAR(USEDDATE) = #{selused_date}
	</delete>

    
    <!-- 연차 유저에서!! : 연차사용날짜useddate 입력하기  -->
     <insert id="insertUsedDate" parameterType="com.ict.edu_D.AnnVO">
		INSERT INTO 
		    USEDANNUAL(USEDDATE, COMID)
		VALUES
		   (#{used_DateB}, #{comid})
	 </insert>
	
	<!-- 연차 끝 =============================  -->
	
	<!-- 근퇴 -->
		 <!-- 유저용 사원 한명, 특정 하루날짜 조회 -->
	 <select id="WorkDayOne" resultType="com.ict.edu_D.WorkVO" >
	 	<!-- select * from Work order by comid = #{comid} -->
	 	select * from Work where comid = #{comid}
	 </select>
	 
	 <!-- 기간을 정해서 출퇴근 기록을 검색하자 -->
	 <select id="WorkDayList" parameterType="com.ict.edu_D.WorkVO" resultType="com.ict.edu_D.WorkVO">
         select * from Work where dates between TO_DATE(#{serch1},
          'YYYY/MM/DD') and TO_DATE(#{serch2},'YYYY/MM/DD') AND comid = #{comid}
     </select>
	 
	 <!-- 추가 출근을 찍어 DB에 정보를 넣자 -->
	 <insert id="WorkInsGo" parameterType="com.ict.edu_D.WorkVO">
	 	insert into Work(WorkNumber, comid, dates, username, gotime, byetime)  
	 	 values(Work_seq.nextval, #{comid}, TO_DATE(#{dates},'YYYY/MM/DD HH24:MI:SS'),
	 	  #{username}, TO_DATE(#{gotime},'YYYY/MM/DD HH24:MI:SS'), null)
	 </insert>
	 
	 <!-- 수정(추가) 퇴근시간을 넣자 -->
	 <update id="WorkUpdateBye" parameterType="com.ict.edu_D.WorkVO" >
	 	update Work set byetime = TO_DATE(#{byetime},'YYYY/MM/DD HH24:MI:SS')
	 	 where comid = #{comid} and WorkNumber = (select max(WorkNumber) from
	 	  Work where comid = #{comid})
	 </update>
	 
	 <!-- 근퇴 끝-->
	
</mapper>